"ÉåÉRÅ[Éhî‘çÜ","íÖéË"
"64","2026/04/01"
"63","2026/06/15"
"62","2026/06/01"
"61","2026/06/15"
"60","2026/06/15"
"59",""
"58","2026/06/15"
"57","2026/07/01"
"56","2026/07/01"
"55",""
"54","2026/04/15"
"53",""
"52","2026/07/01"
"51","2026/06/01"
"50","2026/07/15"
"49","2026/05/15"
"48","2026/05/15"
"47","2026/07/15"
"46","2026/06/01"
"45",""
"44",""
"43","2026/07/01"
"42",""
"41","2026/05/15"
"40","2026/06/01"
"39","2026/06/01"
"38","2026/07/15"
"37","2026/07/01"
"36",""
"35",""
"34",""
"33",""
"32","2026/05/01"
"31","2026/07/01"
"30","2026/05/15"
"29","2026/06/01"
"28","2026/06/01"
"27","2026/06/01"
"26","2026/05/15"
"25","2026/05/15"
"24","2026/07/15"
"23","2026/07/15"
"22","2026/06/15"
"21",""
"20","2026/05/01"
"19","2026/06/15"
"18","2026/07/01"
"17","2026/07/01"
"16",""
"15","2026/07/15"
"14","2026/06/15"
"13","2026/07/01"
"12",""
"11",""
"10","2026/07/01"
"9","2026/07/15"
"8","2026/07/01"
"7","2026/04/01"
"6",""
"5","2026/07/01"
"4","2026/07/15"
"3","2026/07/01"
"2","2026/05/01"
"1","2026/05/01"
